mode,seq,arrival_timestamp,esp_time_ms,raw_value,filtered_cloud,filtered_edge,cloud_processing_ms,edge_processing_ms,arrival_interval_ms,sender_ip,sender_port
B,0,1777386898.1955533,50.0,0.996422,,0.626384,0.0,24.493999,0.0,192.168.100.219,1235
B,1,1777386898.200362,100.0,0.941539,,0.765342,0.0,24.445,4.808664321899414,192.168.100.219,1235
B,2,1777386898.2037475,150.0,2.260471,,1.183168,0.0,24.611,3.3855438232421875,192.168.100.219,1235
B,3,1777386898.247609,200.0,-0.342719,,0.794284,0.0,24.603001,43.86138916015625,192.168.100.219,1235
B,4,1777386898.2903242,250.0,0.141111,,0.645163,0.0,24.445999,42.71531105041504,192.168.100.219,1235
B,5,1777386898.3387017,300.0,2.706298,,1.104086,0.0,24.511,48.37751388549805,192.168.100.219,1235
B,6,1777386898.3885977,350.0,2.673944,,1.403082,0.0,24.591999,49.8960018157959,192.168.100.219,1235
B,7,1777386898.438801,400.0,2.019817,,1.51174,0.0,24.48,50.20332336425781,192.168.100.219,1235
B,8,1777386898.4933844,450.0,2.872654,,1.732117,0.0,24.490999,54.58331108093262,192.168.100.219,1235
B,9,1777386898.5438716,500.0,1.65395,,1.723114,0.0,24.329,50.48727989196777,192.168.100.219,1235
B,10,1777386898.5968032,550.0,1.792822,,1.734096,0.0,24.434,52.93154716491699,192.168.100.219,1235
B,11,1777386898.63236,600.0,0.844362,,1.590848,0.0,24.429001,35.556793212890625,192.168.100.219,1235
B,12,1777386898.683111,650.0,4.082668,,2.000494,0.0,24.625,50.7509708404541,192.168.100.219,1235
B,13,1777386898.734079,700.0,2.599483,,2.088898,0.0,24.452999,50.96793174743652,192.168.100.219,1235
B,14,1777386898.7828302,750.0,0.696893,,1.867829,0.0,24.469,48.7513542175293,192.168.100.219,1235
B,15,1777386898.837184,800.0,1.217287,,1.76665,0.0,24.434,54.35371398925781,192.168.100.219,1235
B,16,1777386898.8809602,850.0,1.852093,,1.781168,0.0,24.486,43.77627372741699,192.168.100.219,1235
B,17,1777386898.93355,900.0,-0.297025,,1.455488,0.0,24.580999,52.58965492248535,192.168.100.219,1235
B,18,1777386898.99802,950.0,0.506543,,1.304876,0.0,24.462,64.47005271911621,192.168.100.219,1235
B,19,1777386899.030817,1000.0,1.310818,,1.306999,0.0,24.431999,32.79709815979004,192.168.100.219,1235
B,20,1777386899.0978248,1050.0,0.044796,,1.084412,0.0,24.615999,67.00778007507324,192.168.100.219,1235
B,21,1777386899.1331537,1100.0,-1.946578,,0.557013,0.0,24.52,35.32886505126953,192.168.100.219,1235
B,22,1777386899.1828942,1150.0,0.343667,,0.516284,0.0,24.392,49.74055290222168,192.168.100.219,1235
B,23,1777386899.2329197,1200.0,-0.890045,,0.298887,0.0,24.607,50.02546310424805,192.168.100.219,1235
B,24,1777386899.2831266,1250.0,0.886313,,0.3774,0.0,24.433001,50.206899642944336,192.168.100.219,1235
B,25,1777386899.332895,1300.0,-0.071526,,0.296243,0.0,24.379999,49.76844787597656,192.168.100.219,1235
B,26,1777386899.3826988,1350.0,-2.58358,,-0.116325,0.0,24.565001,49.803733825683594,192.168.100.219,1235
B,27,1777386899.438031,1400.0,-1.761422,,-0.359363,0.0,24.503,55.332183837890625,192.168.100.219,1235
B,28,1777386899.4877567,1450.0,-1.13684,,-0.490803,0.0,24.351,49.72577095031738,192.168.100.219,1235
B,29,1777386899.538258,1500.0,-2.912103,,-0.913216,0.0,24.591999,50.501346588134766,192.168.100.219,1235
B,30,1777386899.5836437,1550.0,-0.853857,,-0.919407,0.0,24.433001,45.38559913635254,192.168.100.219,1235
B,31,1777386899.6312203,1600.0,-1.23062,,-0.977697,0.0,24.441999,47.5766658782959,192.168.100.219,1235
B,32,1777386899.682464,1650.0,-1.043554,,-0.98713,0.0,24.302,51.24354362487793,192.168.100.219,1235
B,33,1777386899.7326236,1700.0,-2.091856,,-1.159166,0.0,24.490999,50.15969276428223,192.168.100.219,1235
B,34,1777386899.7902856,1750.0,-1.973616,,-1.284938,0.0,24.486,57.662010192871094,192.168.100.219,1235
B,35,1777386899.8439007,1800.0,-0.679269,,-1.187487,0.0,24.398001,53.61509323120117,192.168.100.219,1235
B,36,1777386899.8888059,1850.0,-1.656847,,-1.268542,0.0,24.343,44.90518569946289,192.168.100.219,1235
B,37,1777386899.9328756,1900.0,-0.224929,,-1.100599,0.0,24.504,44.069766998291016,192.168.100.219,1235
B,38,1777386899.988612,1950.0,0.245032,,-0.866593,0.0,24.566999,55.73630332946777,192.168.100.219,1235
B,39,1777386900.032108,2000.0,0.835586,,-0.560749,0.0,24.583,43.496131896972656,192.168.100.219,1235
B,40,1777386900.0809045,2050.0,1.030297,,-0.281914,0.0,24.589001,48.79641532897949,192.168.100.219,1235
B,41,1777386900.1322498,2100.0,1.523174,,0.028449,0.0,24.509001,51.3453483581543,192.168.100.219,1235
B,42,1777386900.1819646,2150.0,1.781623,,0.308017,0.0,24.475,49.71480369567871,192.168.100.219,1235
B,43,1777386900.2322807,2200.0,0.959599,,0.408709,0.0,24.353001,50.31609535217285,192.168.100.219,1235
B,44,1777386900.2828887,2250.0,3.065069,,0.780985,0.0,24.621,50.607919692993164,192.168.100.219,1235
B,45,1777386900.3313775,2300.0,1.919057,,0.935114,0.0,24.57,48.48885536193848,192.168.100.219,1235
B,46,1777386900.3843956,2350.0,1.333191,,0.994396,0.0,24.389,53.01809310913086,192.168.100.219,1235
B,47,1777386900.4329915,2400.0,2.810288,,1.279811,0.0,24.673,48.59590530395508,192.168.100.219,1235
B,48,1777386900.484113,2450.0,3.357695,,1.588914,0.0,24.554001,51.12147331237793,192.168.100.219,1235
B,49,1777386900.5400736,2500.0,1.449326,,1.566425,0.0,24.320999,55.960655212402344,192.168.100.219,1235
B,50,1777386900.5866873,2550.0,2.044436,,1.640851,0.0,24.43,46.61369323730469,192.168.100.219,1235
B,51,1777386900.6320772,2600.0,1.619568,,1.630977,0.0,24.379,45.38989067077637,192.168.100.219,1235
B,52,1777386900.7036855,2650.0,2.699228,,1.804517,0.0,24.546,71.60830497741699,192.168.100.219,1235
B,53,1777386900.7513423,2700.0,1.145288,,1.691707,0.0,24.413,47.65677452087402,192.168.100.219,1235
B,54,1777386900.796094,2750.0,2.981368,,1.924845,0.0,24.513,44.751644134521484,192.168.100.219,1235
B,55,1777386900.8423376,2800.0,1.346265,,1.824632,0.0,24.427,46.24366760253906,192.168.100.219,1235
B,56,1777386900.8975327,2850.0,0.938412,,1.671197,0.0,24.51,55.19509315490723,192.168.100.219,1235
B,57,1777386900.9441504,2900.0,0.800376,,1.512352,0.0,24.479,46.617746353149414,192.168.100.219,1235
B,58,1777386900.9958074,2950.0,1.532354,,1.506957,0.0,24.341999,51.65696144104004,192.168.100.219,1235
B,59,1777386901.046916,3000.0,-0.137072,,1.236661,0.0,24.552999,51.108598709106445,192.168.100.219,1235
B,60,1777386901.0955021,3050.0,0.954477,,1.190388,0.0,24.367001,48.586130142211914,192.168.100.219,1235
B,61,1777386901.152601,3100.0,0.267386,,1.038727,0.0,24.454,57.0988655090332,192.168.100.219,1235
B,62,1777386901.196516,3150.0,-0.65517,,0.76699,0.0,24.6,43.9150333404541,192.168.100.219,1235
B,63,1777386901.242775,3200.0,-1.470602,,0.395964,0.0,24.629999,46.25892639160156,192.168.100.219,1235
B,64,1777386901.2935238,3250.0,-0.199886,,0.295913,0.0,24.422001,50.74882507324219,192.168.100.219,1235
B,65,1777386901.3458545,3300.0,-2.125854,,-0.095303,0.0,24.521999,52.330732345581055,192.168.100.219,1235
B,66,1777386901.3867033,3350.0,-1.328616,,-0.276851,0.0,24.417,40.848731994628906,192.168.100.219,1235
B,67,1777386901.4523861,3400.0,-0.664617,,-0.344354,0.0,24.444,65.68288803100586,192.168.100.219,1235
B,68,1777386901.4970639,3450.0,-0.976434,,-0.441718,0.0,24.347,44.677734375,192.168.100.219,1235
B,69,1777386901.5374303,3500.0,-2.77662,,-0.811404,0.0,24.587999,40.366411209106445,192.168.100.219,1235
B,70,1777386901.6021225,3550.0,-2.368847,,-1.08186,0.0,24.514,64.69225883483887,192.168.100.219,1235
B,71,1777386901.6361878,3600.0,-1.836364,,-1.214599,0.0,24.450001,34.06524658203125,192.168.100.219,1235
B,72,1777386901.6822085,3650.0,-1.106102,,-1.20037,0.0,24.427999,46.0207462310791,192.168.100.219,1235
B,73,1777386901.7311647,3700.0,-1.577283,,-1.264651,0.0,24.398001,48.95615577697754,192.168.100.219,1235
B,74,1777386901.7812023,3750.0,-1.336704,,-1.282153,0.0,24.375999,50.03762245178223,192.168.100.219,1235
B,75,1777386901.8305588,3800.0,-1.594574,,-1.338186,0.0,24.351999,49.35646057128906,192.168.100.219,1235
B,76,1777386901.8838782,3850.0,-0.682192,,-1.224353,0.0,24.433001,53.319454193115234,192.168.100.219,1235
B,77,1777386901.9314299,3900.0,-0.403914,,-1.074622,0.0,24.445,47.551631927490234,192.168.100.219,1235
B,78,1777386901.982788,3950.0,0.88744,,-0.736814,0.0,24.502001,51.35822296142578,192.168.100.219,1235
B,79,1777386902.0311081,4000.0,0.304318,,-0.571126,0.0,24.488001,48.32005500793457,192.168.100.219,1235
B,80,1777386902.0808818,4050.0,-0.001213,,-0.492461,0.0,24.42,49.7736930847168,192.168.100.219,1235
B,81,1777386902.1320727,4100.0,1.418799,,-0.202481,0.0,24.601,51.190853118896484,192.168.100.219,1235
B,82,1777386902.182372,4150.0,0.636006,,-0.082902,0.0,24.392,50.29940605163574,192.168.100.219,1235
B,83,1777386902.2312012,4200.0,1.532837,,0.154856,0.0,24.625999,48.829078674316406,192.168.100.219,1235
B,84,1777386902.2811756,4250.0,1.251455,,0.316029,0.0,24.535,49.97444152832031,192.168.100.219,1235
B,85,1777386902.350161,4300.0,1.758654,,0.532715,0.0,24.525,68.9854621887207,192.168.100.219,1235
B,86,1777386902.3827178,4350.0,1.698316,,0.713426,0.0,24.596001,32.556772232055664,192.168.100.219,1235
B,87,1777386902.4342403,4400.0,1.519085,,0.838812,0.0,24.483,51.52249336242676,192.168.100.219,1235
B,88,1777386902.4998908,4450.0,1.888216,,1.003971,0.0,24.474001,65.65046310424805,192.168.100.219,1235
B,89,1777386902.5346742,4500.0,3.435412,,1.398977,0.0,24.559,34.783363342285156,192.168.100.219,1235
B,90,1777386902.5934114,4550.0,2.273979,,1.561246,0.0,24.48,58.73727798461914,192.168.100.219,1235
B,91,1777386902.632327,4600.0,1.778364,,1.607092,0.0,24.295,38.91563415527344,192.168.100.219,1235
B,92,1777386902.6836655,4650.0,2.543715,,1.781162,0.0,24.504,51.33843421936035,192.168.100.219,1235
B,93,1777386902.7334766,4700.0,2.67412,,1.919595,0.0,24.525999,49.81112480163574,192.168.100.219,1235
B,94,1777386902.7878659,4750.0,1.20051,,1.798198,0.0,24.524,54.389238357543945,192.168.100.219,1235
B,95,1777386902.839563,4800.0,2.482585,,1.909544,0.0,24.384001,51.6970157623291,192.168.100.219,1235
B,96,1777386902.8840683,4850.0,0.705081,,1.711392,0.0,24.576,44.50535774230957,192.168.100.219,1235
B,97,1777386902.9311001,4900.0,-0.036767,,1.425219,0.0,24.545,47.03187942504883,192.168.100.219,1235
B,98,1777386902.982558,4950.0,1.69573,,1.462879,0.0,24.465,51.457881927490234,192.168.100.219,1235
B,99,1777386903.038341,5000.0,0.714869,,1.348321,0.0,24.476999,55.78303337097168,192.168.100.219,1235
B,100,1777386903.0894942,5050.0,-0.215575,,1.087918,0.0,24.642,51.15318298339844,192.168.100.219,1235
B,101,1777386903.1482348,5100.0,-1.598914,,0.705066,0.0,24.496,58.74061584472656,192.168.100.219,1235
B,102,1777386903.192337,5150.0,-0.023366,,0.610142,0.0,24.465,44.10219192504883,192.168.100.219,1235
B,103,1777386903.248838,5200.0,0.517788,,0.592388,0.0,24.391001,56.500911712646484,192.168.100.219,1235
B,104,1777386903.290819,5250.0,-0.712113,,0.424439,0.0,24.555,41.98098182678223,192.168.100.219,1235
B,105,1777386903.3557212,5300.0,0.06629,,0.367299,0.0,24.41,64.90230560302734,192.168.100.219,1235
B,106,1777386903.391803,5350.0,-1.533184,,0.081986,0.0,24.638,36.081790924072266,192.168.100.219,1235
B,107,1777386903.4417546,5400.0,-0.484502,,-4e-05,0.0,24.468,49.95155334472656,192.168.100.219,1235
B,108,1777386903.491839,5450.0,-1.684457,,-0.315643,0.0,24.604,50.08435249328613,192.168.100.219,1235
B,109,1777386903.5437984,5500.0,-1.697035,,-0.570792,0.0,24.561001,51.95951461791992,192.168.100.219,1235
B,110,1777386903.587246,5550.0,-3.12846,,-0.951365,0.0,24.422001,43.44749450683594,192.168.100.219,1235
B,111,1777386903.6511579,5600.0,-1.625529,,-1.045703,0.0,24.434,63.91191482543945,192.168.100.219,1235
B,112,1777386903.6994567,5650.0,-1.887109,,-1.164312,0.0,24.563,48.29883575439453,192.168.100.219,1235
B,113,1777386903.7385228,5700.0,-1.265721,,-1.183514,0.0,24.374001,39.06607627868652,192.168.100.219,1235
B,114,1777386903.784967,5750.0,-1.558276,,-1.239043,0.0,24.443001,46.44417762756348,192.168.100.219,1235
B,115,1777386903.8369534,5800.0,-2.132039,,-1.366335,0.0,24.407,51.9864559173584,192.168.100.219,1235
B,116,1777386903.8999228,5850.0,-0.051665,,-1.165314,0.0,24.535,62.96944618225098,192.168.100.219,1235
B,117,1777386903.9387977,5900.0,-0.243725,,-1.025965,0.0,24.546,38.87486457824707,192.168.100.219,1235
B,118,1777386903.989845,5950.0,-1.766656,,-1.135442,0.0,24.41,51.047325134277344,192.168.100.219,1235
B,119,1777386904.03257,6000.0,0.484383,,-0.883211,0.0,24.546,42.7248477935791,192.168.100.219,1235
B,120,1777386904.1032453,6050.0,-0.797781,,-0.869778,0.0,24.422001,70.67537307739258,192.168.100.219,1235
B,121,1777386904.1468413,6100.0,1.036438,,-0.563721,0.0,24.618,43.59602928161621,192.168.100.219,1235
B,122,1777386904.1804948,6150.0,1.273299,,-0.269474,0.0,24.570999,33.65349769592285,192.168.100.219,1235
B,123,1777386904.2415655,6200.0,0.747758,,-0.099704,0.0,24.465,61.07068061828613,192.168.100.219,1235
B,124,1777386904.2903044,6250.0,0.948912,,0.065583,0.0,24.51,48.738956451416016,192.168.100.219,1235
B,125,1777386904.372981,6300.0,1.511847,,0.283865,0.0,24.629,82.67664909362793,192.168.100.219,1235
B,126,1777386904.3945,6350.0,2.2054,,0.550244,0.0,24.587,21.518945693969727,192.168.100.219,1235
B,127,1777386904.4383621,6400.0,1.0641,,0.615014,0.0,24.412001,43.862104415893555,192.168.100.219,1235
B,128,1777386904.492595,6450.0,2.297552,,0.842753,0.0,24.611,54.23283576965332,192.168.100.219,1235
B,129,1777386904.5401466,6500.0,2.744553,,1.090254,0.0,24.548,47.551631927490234,192.168.100.219,1235
B,130,1777386904.5905921,6550.0,2.078679,,1.217302,0.0,24.569,50.445556640625,192.168.100.219,1235
B,131,1777386904.6371765,6600.0,1.767312,,1.283944,0.0,24.431,46.584367752075195,192.168.100.219,1235
B,132,1777386904.6921663,6650.0,2.274983,,1.416344,0.0,24.528999,54.98981475830078,192.168.100.219,1235
B,133,1777386904.7381935,6700.0,0.829404,,1.335205,0.0,24.391001,46.027183532714844,192.168.100.219,1235
B,134,1777386904.7926214,6750.0,2.286959,,1.476582,0.0,24.417999,54.4278621673584,192.168.100.219,1235
B,135,1777386904.840361,6800.0,0.273077,,1.287361,0.0,24.57,47.73974418640137,192.168.100.219,1235
B,136,1777386904.8882923,6850.0,0.20543,,1.104963,0.0,24.455999,47.93119430541992,192.168.100.219,1235
B,137,1777386904.938422,6900.0,2.512477,,1.347723,0.0,24.612,50.12965202331543,192.168.100.219,1235
B,138,1777386904.9918194,6950.0,0.099001,,1.12725,0.0,24.525999,53.397417068481445,192.168.100.219,1235
B,139,1777386905.054406,7000.0,0.619199,,1.035188,0.0,24.423,62.58654594421387,192.168.100.219,1235
B,140,1777386905.091607,7050.0,0.589002,,0.954571,0.0,24.424999,37.2011661529541,192.168.100.219,1235
B,141,1777386905.1425414,7100.0,-1.070156,,0.579108,0.0,24.528,50.9343147277832,192.168.100.219,1235
B,142,1777386905.1894922,7150.0,-2.731634,,-0.006893,0.0,24.594999,46.9508171081543,192.168.100.219,1235
B,143,1777386905.2466626,7200.0,-0.705919,,-0.118415,0.0,24.452,57.17039108276367,192.168.100.219,1235
B,144,1777386905.2816525,7250.0,-2.827543,,-0.439544,0.0,24.525999,34.98983383178711,192.168.100.219,1235
B,145,1777386905.3313422,7300.0,-0.896638,,-0.494051,0.0,24.368,49.68976974487305,192.168.100.219,1235
B,146,1777386905.3910031,7350.0,-2.771846,,-0.789377,0.0,24.632999,59.660911560058594,192.168.100.219,1235
B,147,1777386905.4462223,7400.0,-2.45941,,-1.055051,0.0,24.454,55.219173431396484,192.168.100.219,1235
B,148,1777386905.4872224,7450.0,-1.449613,,-1.113482,0.0,24.374001,41.0001277923584,192.168.100.219,1235
B,149,1777386905.544812,7500.0,-2.521319,,-1.390904,0.0,24.507,57.58953094482422,192.168.100.219,1235
B,150,1777386905.5963235,7550.0,-1.931564,,-1.498971,0.0,24.427,51.511526107788086,192.168.100.219,1235
B,151,1777386905.6472816,7600.0,-2.646027,,-1.731488,0.0,24.481001,50.95815658569336,192.168.100.219,1235
B,152,1777386905.688495,7650.0,-0.656427,,-1.509666,0.0,24.507999,41.213274002075195,192.168.100.219,1235
B,153,1777386905.7390847,7700.0,-1.966444,,-1.605444,0.0,24.424999,50.589799880981445,192.168.100.219,1235
B,154,1777386905.791904,7750.0,-0.336771,,-1.373227,0.0,24.548,52.819252014160156,192.168.100.219,1235
B,155,1777386905.8490472,7800.0,-0.99826,,-1.298538,0.0,24.315001,57.143211364746094,192.168.100.219,1235
B,156,1777386905.902931,7850.0,-0.880221,,-1.224903,0.0,24.426001,53.88379096984863,192.168.100.219,1235
B,157,1777386905.943062,7900.0,0.225378,,-0.954069,0.0,24.528,40.1310920715332,192.168.100.219,1235
B,158,1777386905.9901574,7950.0,-1.003524,,-0.960317,0.0,24.316,47.095298767089844,192.168.100.219,1235
B,159,1777386906.0447323,8000.0,-1.202926,,-1.002109,0.0,24.304001,54.57496643066406,192.168.100.219,1235
B,160,1777386906.0918338,8050.0,-0.869879,,-0.980004,0.0,24.351,47.101497650146484,192.168.100.219,1235
B,161,1777386906.1402938,8100.0,0.262687,,-0.747517,0.0,24.584,48.46000671386719,192.168.100.219,1235
B,162,1777386906.19118,8150.0,0.200651,,-0.577649,0.0,24.540001,50.88615417480469,192.168.100.219,1235
B,163,1777386906.3240561,8200.0,-0.138426,,-0.503762,0.0,24.479,132.87615776062012,192.168.100.219,1235
B,164,1777386906.324656,8250.0,1.319817,,-0.173145,0.0,24.530001,0.5998611450195312,192.168.100.219,1235
B,165,1777386906.3423014,8300.0,1.083649,,0.047506,0.0,24.548,17.64535903930664,192.168.100.219,1235
B,166,1777386906.3810778,8350.0,0.668088,,0.145512,0.0,24.415001,38.776397705078125,192.168.100.219,1235
B,167,1777386906.4338522,8400.0,0.64667,,0.23519,0.0,24.35,52.77442932128906,192.168.100.219,1235
B,168,1777386906.4824383,8450.0,1.809421,,0.517385,0.0,24.596001,48.586130142211914,192.168.100.219,1235
B,169,1777386906.5311544,8500.0,1.775832,,0.73507,0.0,24.535,48.716068267822266,192.168.100.219,1235
B,170,1777386906.5929413,8550.0,1.329448,,0.831913,0.0,24.450001,61.78689002990723,192.168.100.219,1235
B,171,1777386906.6391444,8600.0,1.528343,,0.950765,0.0,24.431999,46.2031364440918,192.168.100.219,1235
B,172,1777386906.6822824,8650.0,0.985514,,0.952894,0.0,24.378,43.13802719116211,192.168.100.219,1235
B,173,1777386906.7456594,8700.0,1.319143,,1.017111,0.0,24.323999,63.37690353393555,192.168.100.219,1235
B,174,1777386906.7834005,8750.0,1.111807,,1.022968,0.0,24.48,37.74118423461914,192.168.100.219,1235
B,175,1777386906.8316057,8800.0,0.836612,,0.990134,0.0,24.329,48.20513725280762,192.168.100.219,1235
B,176,1777386906.8842995,8850.0,1.239353,,1.035324,0.0,24.341,52.693843841552734,192.168.100.219,1235
B,177,1777386906.9312067,8900.0,0.483231,,0.930434,0.0,24.483999,46.90718650817871,192.168.100.219,1235
B,178,1777386906.988533,8950.0,0.669927,,0.876502,0.0,24.443001,57.326316833496094,192.168.100.219,1235
B,179,1777386907.0360222,9000.0,-0.075595,,0.718409,0.0,24.475,47.489166259765625,192.168.100.219,1235
B,180,1777386907.086009,9050.0,-0.673592,,0.490023,0.0,24.552999,49.986839294433594,192.168.100.219,1235
B,181,1777386907.1310108,9100.0,0.370712,,0.459281,0.0,24.429001,45.00174522399902,192.168.100.219,1235
B,182,1777386907.1826534,9150.0,-0.907749,,0.220184,0.0,24.594,51.642656326293945,192.168.100.219,1235
B,183,1777386907.24815,9200.0,-0.632617,,0.063909,0.0,24.464001,65.49668312072754,192.168.100.219,1235
B,184,1777386907.2832363,9250.0,-1.968837,,-0.294253,0.0,24.516001,35.08615493774414,192.168.100.219,1235
B,185,1777386907.3314095,9300.0,-3.447132,,-0.874485,0.0,24.518,48.17318916320801,192.168.100.219,1235
B,186,1777386907.3815582,9350.0,-2.099964,,-1.100027,0.0,24.613001,50.148725509643555,192.168.100.219,1235
B,187,1777386907.4315836,9400.0,-2.341192,,-1.293136,0.0,24.493999,50.02546310424805,192.168.100.219,1235
B,188,1777386907.4817367,9450.0,-2.153248,,-1.4344,0.0,24.459,50.15301704406738,192.168.100.219,1235
B,189,1777386907.5378375,9500.0,-2.906967,,-1.664493,0.0,24.521999,56.10084533691406,192.168.100.219,1235
B,190,1777386907.584331,9550.0,-2.222547,,-1.748659,0.0,24.424999,46.4935302734375,192.168.100.219,1235
B,191,1777386907.6320896,9600.0,-1.935277,,-1.785447,0.0,24.417,47.75857925415039,192.168.100.219,1235
B,192,1777386907.687657,9650.0,-1.930258,,-1.806765,0.0,24.445999,55.56750297546387,192.168.100.219,1235
B,193,1777386907.7319942,9700.0,-2.868802,,-1.974129,0.0,24.549,44.33703422546387,192.168.100.219,1235
B,194,1777386907.7813952,9750.0,-1.312567,,-1.862184,0.0,24.358999,49.401044845581055,192.168.100.219,1235
B,195,1777386907.8410707,9800.0,-1.766008,,-1.844811,0.0,24.416,59.67545509338379,192.168.100.219,1235
B,196,1777386907.8812673,9850.0,-2.372931,,-1.93658,0.0,24.492001,40.19665718078613,192.168.100.219,1235
B,197,1777386907.9376915,9900.0,-1.196593,,-1.829864,0.0,24.489,56.42414093017578,192.168.100.219,1235
B,198,1777386907.9815829,9950.0,-0.640743,,-1.617326,0.0,24.514,43.89142990112305,192.168.100.219,1235
B,199,1777386908.040888,10000.0,-0.124833,,-1.383546,0.0,24.533001,59.30519104003906,192.168.100.219,1235
B,200,1777386908.0829566,10050.0,-0.445117,,-1.237648,0.0,24.482,42.0684814453125,192.168.100.219,1235
B,201,1777386908.1444776,10100.0,0.42836,,-0.9826,0.0,24.591,61.521053314208984,192.168.100.219,1235
B,202,1777386908.1811743,10150.0,-0.312955,,-0.88811,0.0,24.443001,36.696672439575195,192.168.100.219,1235
B,203,1777386908.2312937,10200.0,1.116244,,-0.614781,0.0,24.546,50.11940002441406,192.168.100.219,1235
B,204,1777386908.2893445,10250.0,0.852858,,-0.429714,0.0,24.541,58.05087089538574,192.168.100.219,1235
B,205,1777386908.3333538,10300.0,0.977272,,-0.253347,0.0,24.608,44.00920867919922,192.168.100.219,1235
B,206,1777386908.38528,10350.0,1.239072,,-0.059516,0.0,24.525,51.9261360168457,192.168.100.219,1235
B,207,1777386908.4412885,10400.0,2.137762,,0.25097,0.0,24.568001,56.00857734680176,192.168.100.219,1235
B,208,1777386908.48236,10450.0,2.152796,,0.564847,0.0,24.466999,41.071414947509766,192.168.100.219,1235
B,209,1777386908.550763,10500.0,1.557558,,0.735005,0.0,24.496,68.40300559997559,192.168.100.219,1235
B,210,1777386908.5842028,10550.0,0.628971,,0.722935,0.0,24.283001,33.43987464904785,192.168.100.219,1235
B,211,1777386908.6350148,10600.0,2.990824,,1.090943,0.0,24.528,50.8120059967041,192.168.100.219,1235
B,212,1777386908.6822722,10650.0,2.901215,,1.340924,0.0,24.568001,47.257423400878906,192.168.100.219,1235
B,213,1777386908.7455797,10700.0,1.734319,,1.397995,0.0,24.424999,63.30752372741699,192.168.100.219,1235
B,214,1777386908.8014,10750.0,0.110761,,1.211289,0.0,24.524,55.82022666931152,192.168.100.219,1235
B,215,1777386908.8443556,10800.0,0.250167,,1.060126,0.0,24.419001,42.955636978149414,192.168.100.219,1235
B,216,1777386908.9008007,10850.0,0.751523,,1.015384,0.0,24.313,56.44512176513672,192.168.100.219,1235
B,217,1777386908.9630134,10900.0,-0.003242,,0.840297,0.0,24.490999,62.21270561218262,192.168.100.219,1235
B,218,1777386908.9972796,10950.0,-0.243538,,0.649832,0.0,24.419001,34.26623344421387,192.168.100.219,1235
B,219,1777386909.0539432,11000.0,0.775058,,0.671534,0.0,24.367001,56.66351318359375,192.168.100.219,1235
B,220,1777386909.0929008,11050.0,-0.275754,,0.509111,0.0,24.572001,38.95759582519531,192.168.100.219,1235
B,221,1777386909.1476493,11100.0,-1.288487,,0.211593,0.0,24.524,54.74853515625,192.168.100.219,1235
B,222,1777386909.187548,11150.0,-2.632016,,-0.220234,0.0,24.598,39.89863395690918,192.168.100.219,1235
B,223,1777386909.2514288,11200.0,-1.013503,,-0.323104,0.0,24.475,63.88092041015625,192.168.100.219,1235
B,224,1777386909.3264225,11250.0,-1.031051,,-0.422564,0.0,24.462999,74.99361038208008,192.168.100.219,1235
B,225,1777386909.3433483,11300.0,-1.0684,,-0.518232,0.0,24.488001,16.925811767578125,192.168.100.219,1235
B,226,1777386909.3984232,11350.0,-1.624959,,-0.670981,0.0,24.481001,55.07493019104004,192.168.100.219,1235
B,227,1777386909.444397,11400.0,-2.943967,,-1.012595,0.0,24.518999,45.973777770996094,192.168.100.219,1235
B,228,1777386909.5072818,11450.0,-2.597334,,-1.236492,0.0,24.563,62.88480758666992,192.168.100.219,1235
B,229,1777386909.5477467,11500.0,-1.585655,,-1.276686,0.0,24.334999,40.46487808227539,192.168.100.219,1235
B,230,1777386909.5932896,11550.0,-2.109186,,-1.400397,0.0,24.421,45.54295539855957,192.168.100.219,1235
B,231,1777386909.6424985,11600.0,-2.363934,,-1.552679,0.0,24.495001,49.208879470825195,192.168.100.219,1235
B,232,1777386909.694995,11650.0,-1.323472,,-1.525212,0.0,24.459,52.49643325805664,192.168.100.219,1235
B,233,1777386909.7316902,11700.0,-2.868049,,-1.740415,0.0,24.552999,36.695241928100586,192.168.100.219,1235
B,234,1777386909.7820442,11750.0,-0.145436,,-1.497594,0.0,24.544001,50.35400390625,192.168.100.219,1235
B,235,1777386909.8335807,11800.0,-2.716056,,-1.675496,0.0,24.549,51.53656005859375,192.168.100.219,1235
B,236,1777386909.8912334,11850.0,-1.026984,,-1.586605,0.0,24.471001,57.65271186828613,192.168.100.219,1235
B,237,1777386909.9312918,11900.0,-1.208917,,-1.533552,0.0,24.535,40.05837440490723,192.168.100.219,1235
B,238,1777386909.9845278,11950.0,0.04861,,-1.301306,0.0,24.597,53.23600769042969,192.168.100.219,1235
B,239,1777386910.037337,12000.0,-0.518348,,-1.177214,0.0,24.438999,52.80923843383789,192.168.100.219,1235
B,240,1777386910.083282,12050.0,-0.860897,,-1.128822,0.0,24.403999,45.944929122924805,192.168.100.219,1235
B,241,1777386910.1315928,12100.0,0.687248,,-0.831896,0.0,24.594,48.31075668334961,192.168.100.219,1235
B,242,1777386910.1816523,12150.0,0.226155,,-0.663104,0.0,24.57,50.05955696105957,192.168.100.219,1235
B,243,1777386910.2323108,12200.0,2.039213,,-0.185929,0.0,24.535,50.658464431762695,192.168.100.219,1235
B,244,1777386910.291671,12250.0,1.183205,,0.064154,0.0,24.565001,59.36026573181152,192.168.100.219,1235
B,245,1777386910.3314943,12300.0,1.720613,,0.321049,0.0,24.58,39.823293685913086,192.168.100.219,1235
B,246,1777386910.3826394,12350.0,1.564003,,0.503479,0.0,24.514999,51.145076751708984,192.168.100.219,1235
B,247,1777386910.431715,12400.0,2.174984,,0.727668,0.0,24.660999,49.07560348510742,192.168.100.219,1235
B,248,1777386910.483178,12450.0,2.56327,,0.972518,0.0,24.601999,51.46288871765137,192.168.100.219,1235
B,249,1777386910.5326374,12500.0,3.27771,,1.283888,0.0,24.572001,49.45945739746094,192.168.100.219,1235
B,250,1777386910.5828547,12550.0,2.378586,,1.437687,0.0,24.402,50.217390060424805,192.168.100.219,1235
B,251,1777386910.6332116,12600.0,2.358748,,1.569109,0.0,24.474001,50.35686492919922,192.168.100.219,1235
B,252,1777386910.682568,12650.0,2.936891,,1.760498,0.0,24.475,49.35646057128906,192.168.100.219,1235
B,253,1777386910.734111,12700.0,0.999691,,1.643242,0.0,24.518,51.54299736022949,192.168.100.219,1235
B,254,1777386910.7819657,12750.0,2.165926,,1.728712,0.0,24.396,47.85466194152832,192.168.100.219,1235
B,255,1777386910.8314023,12800.0,1.213189,,1.638756,0.0,24.447001,49.43656921386719,192.168.100.219,1235
B,256,1777386910.8836942,12850.0,0.798483,,1.497161,0.0,24.517,52.2918701171875,192.168.100.219,1235
B,257,1777386910.9316545,12900.0,0.114401,,1.248384,0.0,24.511,47.96028137207031,192.168.100.219,1235
B,258,1777386910.9825037,12950.0,1.704252,,1.33791,0.0,24.356001,50.849199295043945,192.168.100.219,1235
B,259,1777386911.0310884,13000.0,0.426527,,1.18283,0.0,24.525,48.584699630737305,192.168.100.219,1235
B,260,1777386911.0855036,13050.0,0.182384,,1.0034,0.0,24.504,54.415225982666016,192.168.100.219,1235
B,261,1777386911.1453798,13100.0,0.107781,,0.828573,0.0,24.523001,59.876203536987305,192.168.100.219,1235
B,262,1777386911.185197,13150.0,-0.495134,,0.586009,0.0,24.572001,39.81733322143555,192.168.100.219,1235
B,263,1777386911.2324624,13200.0,-1.23986,,0.263017,0.0,24.546,47.26529121398926,192.168.100.219,1235
B,264,1777386911.2953131,13250.0,-1.191666,,0.009723,0.0,24.607,62.8507137298584,192.168.100.219,1235
B,265,1777386911.3394604,13300.0,-2.422671,,-0.411135,0.0,24.573,44.14725303649902,192.168.100.219,1235
B,266,1777386911.4039443,13350.0,-3.337391,,-0.873093,0.0,24.531,64.4838809967041,192.168.100.219,1235
B,267,1777386911.4549,13400.0,-1.697532,,-0.98557,0.0,24.4,50.955772399902344,192.168.100.219,1235
B,268,1777386911.4976363,13450.0,-1.922514,,-1.119518,0.0,24.530001,42.73629188537598,192.168.100.219,1235
B,269,1777386911.5468135,13500.0,-2.537845,,-1.323583,0.0,24.518,49.17716979980469,192.168.100.219,1235
B,270,1777386911.5935981,13550.0,-3.10974,,-1.558533,0.0,24.587999,46.78463935852051,192.168.100.219,1235
B,271,1777386911.6395738,13600.0,-1.704535,,-1.579494,0.0,24.356001,45.975685119628906,192.168.100.219,1235
B,272,1777386911.6991372,13650.0,-2.217298,,-1.683379,0.0,24.447001,59.563398361206055,192.168.100.219,1235
B,273,1777386911.7411537,13700.0,-0.697092,,-1.542552,0.0,24.464001,42.01650619506836,192.168.100.219,1235
B,274,1777386911.7884505,13750.0,-1.263489,,-1.501549,0.0,24.395,47.296762466430664,192.168.100.219,1235
B,275,1777386911.8357208,13800.0,-0.504363,,-1.336262,0.0,24.429001,47.27029800415039,192.168.100.219,1235
B,276,1777386911.8872714,13850.0,-2.228925,,-1.476546,0.0,24.447001,51.55062675476074,192.168.100.219,1235
B,277,1777386911.9402628,13900.0,-0.716923,,-1.359936,0.0,24.429001,52.991390228271484,192.168.100.219,1235
B,278,1777386912.0065067,13950.0,-0.633676,,-1.242361,0.0,24.52,66.24388694763184,192.168.100.219,1235
B,279,1777386912.0400977,14000.0,-0.169386,,-1.075066,0.0,24.535999,33.59103202819824,192.168.100.219,1235
B,280,1777386912.0958827,14050.0,-0.07966,,-0.912439,0.0,24.559999,55.78494071960449,192.168.100.219,1235
B,281,1777386912.1477041,14100.0,-0.090932,,-0.791215,0.0,24.534,51.82147026062012,192.168.100.219,1235
B,282,1777386912.1899648,14150.0,-0.713422,,-0.784477,0.0,24.354,42.26064682006836,192.168.100.219,1235
B,283,1777386912.2457063,14200.0,1.709106,,-0.3755,0.0,24.431999,55.74154853820801,192.168.100.219,1235
B,284,1777386912.281279,14250.0,0.787262,,-0.196929,0.0,24.528,35.57276725769043,192.168.100.219,1235
B,285,1777386912.3324516,14300.0,1.353119,,0.040774,0.0,24.584,51.172494888305664,192.168.100.219,1235
B,286,1777386912.3815403,14350.0,2.108307,,0.34231,0.0,24.597,49.08871650695801,192.168.100.219,1235
B,287,1777386912.4316208,14400.0,3.199568,,0.749641,0.0,24.558001,50.08053779602051,192.168.100.219,1235
B,288,1777386912.4904795,14450.0,1.071608,,0.798155,0.0,24.32,58.858633041381836,192.168.100.219,1235
B,289,1777386912.531391,14500.0,1.907321,,0.983078,0.0,24.561001,40.91143608093262,192.168.100.219,1235
B,290,1777386912.5833023,14550.0,1.646133,,1.096059,0.0,24.535,51.911354064941406,192.168.100.219,1235
B,291,1777386912.6316931,14600.0,1.971583,,1.240925,0.0,24.514,48.390865325927734,192.168.100.219,1235
B,292,1777386912.6828754,14650.0,2.300343,,1.419363,0.0,24.506001,51.18227005004883,192.168.100.219,1235
B,293,1777386912.7328372,14700.0,2.290964,,1.562773,0.0,24.450001,49.96180534362793,192.168.100.219,1235
B,294,1777386912.791766,14750.0,2.444749,,1.708512,0.0,24.500999,58.928728103637695,192.168.100.219,1235
B,295,1777386912.8395636,14800.0,2.526612,,1.844176,0.0,24.443001,47.79767990112305,192.168.100.219,1235
B,296,1777386912.8825636,14850.0,1.6864,,1.822656,0.0,24.34,42.999982833862305,192.168.100.219,1235
B,297,1777386912.9333696,14900.0,-0.034583,,1.514165,0.0,24.594,50.80604553222656,192.168.100.219,1235
B,298,1777386912.993741,14950.0,1.51561,,1.509194,0.0,24.349001,60.37139892578125,192.168.100.219,1235
B,299,1777386913.0334961,15000.0,-0.274906,,1.239029,0.0,24.563,39.75510597229004,192.168.100.219,1235
B,300,1777386913.0822213,15050.0,-0.268666,,1.026447,0.0,24.511999,48.725128173828125,192.168.100.219,1235
B,301,1777386913.131266,15100.0,0.2966,,0.919125,0.0,24.403999,49.04484748840332,192.168.100.219,1235
B,302,1777386913.1827302,15150.0,-0.033567,,0.760915,0.0,24.431999,51.464080810546875,192.168.100.219,1235
B,303,1777386913.2333825,15200.0,0.155729,,0.659553,0.0,24.403999,50.652265548706055,192.168.100.219,1235
B,304,1777386913.2811859,15250.0,-0.147381,,0.523728,0.0,24.41,47.803401947021484,192.168.100.219,1235
B,305,1777386913.3320134,15300.0,-1.848896,,0.144704,0.0,24.528999,50.8275032043457,192.168.100.219,1235
B,306,1777386913.3870668,15350.0,-0.277275,,0.081051,0.0,24.372,55.0534725189209,192.168.100.219,1235
B,307,1777386913.4331586,15400.0,-1.72208,,-0.177643,0.0,24.504999,46.09179496765137,192.168.100.219,1235
B,308,1777386913.4815965,15450.0,-1.410715,,-0.358486,0.0,24.482,48.43783378601074,192.168.100.219,1235
B,309,1777386913.5315866,15500.0,-2.417748,,-0.656269,0.0,24.566,49.990177154541016,192.168.100.219,1235
B,310,1777386913.5822256,15550.0,-0.650416,,-0.659062,0.0,24.363001,50.63891410827637,192.168.100.219,1235
B,311,1777386913.6369867,15600.0,-1.455232,,-0.784161,0.0,24.473,54.76117134094238,192.168.100.219,1235
B,312,1777386913.6954217,15650.0,-1.512392,,-0.899361,0.0,24.419001,58.43496322631836,192.168.100.219,1235
B,313,1777386913.746523,15700.0,-1.638813,,-1.018116,0.0,24.424999,51.1012077331543,192.168.100.219,1235
B,314,1777386913.7885044,15750.0,-0.339292,,-0.901034,0.0,24.43,41.98145866394043,192.168.100.219,1235
B,315,1777386913.838294,15800.0,-1.140868,,-0.943138,0.0,24.414,49.7896671295166,192.168.100.219,1235
B,316,1777386913.8910666,15850.0,-1.505828,,-1.031524,0.0,24.429001,52.77252197265625,192.168.100.219,1235
B,317,1777386913.9443083,15900.0,-1.916352,,-1.172358,0.0,24.533001,53.241729736328125,192.168.100.219,1235
B,318,1777386914.0067139,15950.0,-1.745884,,-1.260056,0.0,24.455999,62.40558624267578,192.168.100.219,1235
B,319,1777386914.0450814,16000.0,-1.060195,,-1.224492,0.0,24.398001,38.367509841918945,192.168.100.219,1235
B,320,1777386914.1027389,16050.0,-0.000202,,-1.026175,0.0,24.528,57.657480239868164,192.168.100.219,1235
B,321,1777386914.1605551,16100.0,1.587252,,-0.569208,0.0,24.533001,57.816267013549805,192.168.100.219,1235
B,322,1777386914.2454865,16150.0,-1.201689,,-0.687894,0.0,24.386999,84.9313735961914,192.168.100.219,1235
B,323,1777386914.2491121,16200.0,1.222942,,-0.332306,0.0,24.570999,3.625631332397461,192.168.100.219,1235
B,324,1777386914.310369,16250.0,0.565791,,-0.153543,0.0,24.540001,61.25688552856445,192.168.100.219,1235
B,325,1777386914.3533463,16300.0,1.971703,,0.248213,0.0,24.57,42.977333068847656,192.168.100.219,1235
B,326,1777386914.4053195,16350.0,2.333348,,0.581415,0.0,24.576,51.97310447692871,192.168.100.219,1235
B,327,1777386914.4407835,16400.0,2.258332,,0.850839,0.0,24.559999,35.46404838562012,192.168.100.219,1235
B,328,1777386914.500627,16450.0,2.673758,,1.168155,0.0,24.587999,59.84354019165039,192.168.100.219,1235
B,329,1777386914.555146,16500.0,1.492136,,1.227088,0.0,24.375999,54.518938064575195,192.168.100.219,1235
B,330,1777386914.6141212,16550.0,1.859363,,1.332647,0.0,24.429001,58.9752197265625,192.168.100.219,1235
B,331,1777386914.658371,16600.0,1.7729,,1.403242,0.0,24.384001,44.249773025512695,192.168.100.219,1235
B,332,1777386914.6933138,16650.0,2.580401,,1.596161,0.0,24.489,34.9428653717041,192.168.100.219,1235
B,333,1777386914.7399316,16700.0,3.079245,,1.826012,0.0,24.580999,46.617746353149414,192.168.100.219,1235
B,334,1777386914.7933393,16750.0,2.331334,,1.911565,0.0,24.368999,53.40766906738281,192.168.100.219,1235
B,335,1777386914.8322608,16800.0,1.307352,,1.816883,0.0,24.4,38.92159461975098,192.168.100.219,1235
B,336,1777386914.8839035,16850.0,2.526548,,1.943683,0.0,24.417,51.642656326293945,192.168.100.219,1235
B,337,1777386914.9522305,16900.0,0.422728,,1.689144,0.0,24.603001,68.32695007324219,192.168.100.219,1235
B,338,1777386915.0059397,16950.0,0.297497,,1.471645,0.0,24.568001,53.70926856994629,192.168.100.219,1235
B,339,1777386915.0487156,17000.0,1.297133,,1.432253,0.0,24.398001,42.775869369506836,192.168.100.219,1235
B,340,1777386915.1046321,17050.0,1.241275,,1.402568,0.0,24.385,55.916547775268555,192.168.100.219,1235
B,341,1777386915.161171,17100.0,0.478637,,1.245264,0.0,24.474001,56.53882026672363,192.168.100.219,1235
B,342,1777386915.218173,17150.0,-1.781765,,0.736837,0.0,24.521,57.00206756591797,192.168.100.219,1235
B,343,1777386915.2400997,17200.0,-0.230379,,0.55787,0.0,24.464001,21.9266414642334,192.168.100.219,1235
B,344,1777386915.2936351,17250.0,-1.915573,,0.131108,0.0,24.511999,53.53546142578125,192.168.100.219,1235
B,345,1777386915.4145796,17300.0,-0.909427,,-0.030308,0.0,24.608,120.94449996948242,192.168.100.219,1235
B,346,1777386915.4560695,17350.0,-1.456786,,-0.208201,0.0,24.613001,41.48983955383301,192.168.100.219,1235
B,347,1777386915.4757233,17400.0,-1.318851,,-0.370444,0.0,24.624001,19.653797149658203,192.168.100.219,1235
B,348,1777386915.5261095,17450.0,-0.526042,,-0.387657,0.0,24.334999,50.38619041442871,192.168.100.219,1235
B,349,1777386915.5674713,17500.0,-0.826971,,-0.451597,0.0,24.357,41.36180877685547,192.168.100.219,1235
B,350,1777386915.5933285,17550.0,-2.834702,,-0.785036,0.0,24.514999,25.857210159301758,192.168.100.219,1235
B,351,1777386915.681175,17600.0,-1.904367,,-0.958486,0.0,24.565001,87.84651756286621,192.168.100.219,1235
B,352,1777386915.7257097,17650.0,-0.290031,,-0.84847,0.0,24.407,44.53468322753906,192.168.100.219,1235
B,353,1777386915.7998972,17700.0,-1.926468,,-1.042425,0.0,24.51,74.1875171661377,192.168.100.219,1235
B,354,1777386915.8005152,17750.0,-1.08228,,-1.053294,0.0,24.367001,0.61798095703125,192.168.100.219,1235
B,355,1777386915.9002593,17800.0,-1.894415,,-1.209231,0.0,24.472,99.74408149719238,192.168.100.219,1235
B,356,1777386915.9011807,17850.0,-1.123786,,-1.189159,0.0,24.386999,0.9214878082275391,192.168.100.219,1235
B,357,1777386915.9353058,17900.0,-1.053568,,-1.175967,0.0,24.409,34.12508964538574,192.168.100.219,1235
B,358,1777386915.9820597,17950.0,-0.910288,,-1.12825,0.0,24.355,46.753883361816406,192.168.100.219,1235
B,359,1777386916.0590098,18000.0,0.231301,,-0.879814,0.0,24.603001,76.9500732421875,192.168.100.219,1235
B,360,1777386916.1324625,18050.0,0.182115,,-0.689939,0.0,24.6,73.45271110534668,192.168.100.219,1235
B,361,1777386916.2129822,18100.0,0.937155,,-0.37312,0.0,24.617001,80.5196762084961,192.168.100.219,1235
B,362,1777386916.274672,18150.0,0.07099,,-0.288052,0.0,24.336,61.68985366821289,192.168.100.219,1235
B,363,1777386916.2757428,18200.0,-0.08684,,-0.24878,0.0,24.327,1.0707378387451172,192.168.100.219,1235
B,364,1777386916.3146787,18250.0,-0.115787,,-0.235263,0.0,24.438999,38.93589973449707,192.168.100.219,1235
B,365,1777386916.360068,18300.0,0.978583,,0.008635,0.0,24.452,45.389413833618164,192.168.100.219,1235
B,366,1777386916.4111416,18350.0,1.557255,,0.29888,0.0,24.488001,51.073551177978516,192.168.100.219,1235
B,367,1777386916.456696,18400.0,1.467945,,0.499328,0.0,24.530001,45.554399490356445,192.168.100.219,1235
B,368,1777386916.5938663,18450.0,2.534996,,0.813423,0.0,24.497999,137.17031478881836,192.168.100.219,1235
B,369,1777386916.5949123,18500.0,1.644319,,0.928141,0.0,24.535999,1.0459423065185547,192.168.100.219,1235
B,370,1777386916.6460466,18550.0,3.430644,,1.302422,0.0,24.591,51.134347915649414,192.168.100.219,1235
B,371,1777386916.6641803,18600.0,1.337003,,1.315031,0.0,24.381001,18.13364028930664,192.168.100.219,1235
B,372,1777386916.7167902,18650.0,1.198218,,1.288245,0.0,24.379,52.609920501708984,192.168.100.219,1235
B,373,1777386917.0321977,18700.0,1.602939,,1.341898,0.0,24.429001,315.40751457214355,192.168.100.219,1235
B,374,1777386917.0351543,18750.0,3.027992,,1.63825,0.0,24.58,2.9566287994384766,192.168.100.219,1235
B,375,1777386917.0363853,18800.0,1.68333,,1.646986,0.0,24.452,1.2309551239013672,192.168.100.219,1235
B,376,1777386917.0365252,18850.0,3.009795,,1.900063,0.0,24.513,0.1399517059326172,192.168.100.219,1235
B,377,1777386917.0365512,18900.0,1.970227,,1.925171,0.0,24.319,0.025987625122070312,192.168.100.219,1235
B,378,1777386917.0365732,18950.0,0.403914,,1.675661,0.0,24.530001,0.02193450927734375,192.168.100.219,1235
B,379,1777386917.03659,19000.0,0.670669,,1.508378,0.0,24.518,0.016927719116210938,192.168.100.219,1235
B,380,1777386917.0862608,19050.0,0.655736,,1.381999,0.0,24.412001,49.67069625854492,192.168.100.219,1235
B,381,1777386917.1472235,19100.0,-0.531046,,1.111069,0.0,24.566,60.962677001953125,192.168.100.219,1235
B,382,1777386917.2092354,19150.0,0.531464,,1.036144,0.0,24.437,62.0119571685791,192.168.100.219,1235
B,383,1777386917.2516618,19200.0,-0.818516,,0.79239,0.0,24.559999,42.426347732543945,192.168.100.219,1235
B,384,1777386917.2959085,19250.0,-1.376656,,0.500172,0.0,24.613001,44.246673583984375,192.168.100.219,1235
B,385,1777386917.3451402,19300.0,-1.849491,,0.200258,0.0,24.549,49.231767654418945,192.168.100.219,1235
B,386,1777386917.391051,19350.0,-1.08254,,0.020508,0.0,24.502001,45.91083526611328,192.168.100.219,1235
B,387,1777386917.4367433,19400.0,-1.325973,,-0.160504,0.0,24.576,45.69220542907715,192.168.100.219,1235
B,388,1777386917.5116885,19450.0,-1.829357,,-0.378749,0.0,24.572001,74.94521141052246,192.168.100.219,1235
B,389,1777386917.5469081,19500.0,-2.366539,,-0.626042,0.0,24.586,35.219669342041016,192.168.100.219,1235
B,390,1777386917.5959466,19550.0,-1.395487,,-0.721261,0.0,24.378,49.03841018676758,192.168.100.219,1235
B,391,1777386917.6427414,19600.0,-2.229911,,-0.918587,0.0,24.562,46.794891357421875,192.168.100.219,1235
B,392,1777386917.6885383,19650.0,-3.620742,,-1.273169,0.0,24.587,45.796871185302734,192.168.100.219,1235
B,393,1777386917.7396739,19700.0,-1.458798,,-1.295551,0.0,24.319,51.13554000854492,192.168.100.219,1235
B,394,1777386917.7867682,19750.0,-0.249308,,-1.151357,0.0,24.551001,47.09434509277344,192.168.100.219,1235
B,395,1777386917.836788,19800.0,-1.611282,,-1.222359,0.0,24.405001,50.01974105834961,192.168.100.219,1235
B,396,1777386917.901006,19850.0,-0.255265,,-1.074264,0.0,24.511999,64.21804428100586,192.168.100.219,1235
B,397,1777386917.9371438,19900.0,-0.511313,,-0.987831,0.0,24.466999,36.13781929016113,192.168.100.219,1235
B,398,1777386918.0043752,19950.0,-2.732478,,-1.275458,0.0,24.493999,67.23141670227051,192.168.100.219,1235
B,399,1777386918.0406146,20000.0,-0.800296,,-1.193543,0.0,24.438999,36.2393856048584,192.168.100.219,1235
B,400,1777386918.089965,20050.0,0.315562,,-0.946787,0.0,24.525,49.35050010681152,192.168.100.219,1235
B,401,1777386918.1380596,20100.0,-1.523588,,-1.033968,0.0,24.410999,48.09451103210449,192.168.100.219,1235
B,402,1777386918.182005,20150.0,0.16004,,-0.837011,0.0,24.573,43.9453125,192.168.100.219,1235
B,403,1777386918.2334847,20200.0,1.623993,,-0.471491,0.0,24.548,51.47981643676758,192.168.100.219,1235
B,404,1777386918.2920744,20250.0,1.602187,,-0.193703,0.0,24.613001,58.58969688415527,192.168.100.219,1235
B,405,1777386918.3321865,20300.0,1.837818,,0.05735,0.0,24.546,40.11201858520508,192.168.100.219,1235
B,406,1777386918.3956976,20350.0,0.518444,,0.116203,0.0,24.421,63.51113319396973,192.168.100.219,1235
B,407,1777386918.4337823,20400.0,1.169569,,0.274241,0.0,24.437,38.08474540710449,192.168.100.219,1235
B,408,1777386918.4826422,20450.0,1.055322,,0.39323,0.0,24.448,48.85983467102051,192.168.100.219,1235
B,409,1777386918.5325394,20500.0,1.855492,,0.616443,0.0,24.517,49.897193908691406,192.168.100.219,1235
B,410,1777386918.5816915,20550.0,2.241659,,0.873568,0.0,24.540001,49.15213584899902,192.168.100.219,1235
B,411,1777386918.6332152,20600.0,0.794154,,0.855066,0.0,24.389999,51.523685455322266,192.168.100.219,1235
B,412,1777386918.6834242,20650.0,-0.551133,,0.627315,0.0,24.566,50.20904541015625,192.168.100.219,1235
B,413,1777386918.736133,20700.0,2.797576,,1.002596,0.0,24.641001,52.70886421203613,192.168.100.219,1235
B,414,1777386918.7822235,20750.0,2.304476,,1.220484,0.0,24.500999,46.09036445617676,192.168.100.219,1235
B,415,1777386918.8319795,20800.0,1.524621,,1.274402,0.0,24.393999,49.75605010986328,192.168.100.219,1235
B,416,1777386918.8843641,20850.0,0.813705,,1.201049,0.0,24.32,52.38461494445801,192.168.100.219,1235
B,417,1777386918.932561,20900.0,-0.638998,,0.898176,0.0,24.618,48.19679260253906,192.168.100.219,1235
B,418,1777386918.9874215,20950.0,1.361337,,0.98471,0.0,24.395,54.860591888427734,192.168.100.219,1235
B,419,1777386919.032305,21000.0,-1.044971,,0.636486,0.0,24.559999,44.88348960876465,192.168.100.219,1235
B,420,1777386919.0950444,21050.0,1.650415,,0.820405,0.0,24.524,62.73937225341797,192.168.100.219,1235
B,421,1777386919.131441,21100.0,-1.429227,,0.455516,0.0,24.563,36.39674186706543,192.168.100.219,1235
B,422,1777386919.184108,21150.0,-1.296442,,0.141,0.0,24.556,52.66690254211426,192.168.100.219,1235
B,423,1777386919.2338562,21200.0,0.19554,,0.159015,0.0,24.414,49.74818229675293,192.168.100.219,1235
B,424,1777386919.3010154,21250.0,-2.112954,,-0.301297,0.0,24.548,67.15917587280273,192.168.100.219,1235
B,425,1777386919.366498,21300.0,-2.29614,,-0.711693,0.0,24.57,65.48261642456055,192.168.100.219,1235
B,426,1777386919.3870656,21350.0,-2.051268,,-0.981933,0.0,24.636999,20.567655563354492,192.168.100.219,1235
B,427,1777386919.4407787,21400.0,-2.304178,,-1.217274,0.0,24.558001,53.713083267211914,192.168.100.219,1235
B,428,1777386919.4913251,21450.0,-3.329854,,-1.517699,0.0,24.507,50.54640769958496,192.168.100.219,1235
B,429,1777386919.5363653,21500.0,-0.881189,,-1.428643,0.0,24.362,45.040130615234375,192.168.100.219,1235
B,430,1777386919.5857604,21550.0,-2.149302,,-1.54736,0.0,24.41,49.395084381103516,192.168.100.219,1235
B,431,1777386919.646944,21600.0,-2.896589,,-1.759178,0.0,24.58,61.18369102478027,192.168.100.219,1235
B,432,1777386919.6918423,21650.0,-1.779216,,-1.767195,0.0,24.392,44.898271560668945,192.168.100.219,1235
B,433,1777386919.7408304,21700.0,-2.797771,,-1.936339,0.0,24.462,48.98810386657715,192.168.100.219,1235
B,434,1777386919.796781,21750.0,-1.88331,,-1.94214,0.0,24.358999,55.95064163208008,192.168.100.219,1235
B,435,1777386919.8555875,21800.0,-1.899222,,-1.92694,0.0,24.344,58.806419372558594,192.168.100.219,1235
B,436,1777386919.8997447,21850.0,-2.027461,,-1.942979,0.0,24.341999,44.15726661682129,192.168.100.219,1235
B,437,1777386919.9443765,21900.0,-2.103467,,-1.96334,0.0,24.372,44.6317195892334,192.168.100.219,1235
B,438,1777386920.007402,21950.0,-0.045252,,-1.619887,0.0,24.58,63.025474548339844,192.168.100.219,1235
B,439,1777386920.0488207,22000.0,-0.087523,,-1.368918,0.0,24.58,41.41879081726074,192.168.100.219,1235
B,440,1777386920.0887938,22050.0,-1.138797,,-1.322852,0.0,24.322001,39.97302055358887,192.168.100.219,1235
B,441,1777386920.1405606,22100.0,-0.141219,,-1.121467,0.0,24.535999,51.76687240600586,192.168.100.219,1235
B,442,1777386920.1915748,22150.0,-0.952124,,-1.087578,0.0,24.403,51.01418495178223,192.168.100.219,1235
B,443,1777386920.2396953,22200.0,-0.462492,,-0.98912,0.0,24.511999,48.12049865722656,192.168.100.219,1235
B,444,1777386920.282994,22250.0,1.213879,,-0.653277,0.0,24.610001,43.29872131347656,192.168.100.219,1235
B,445,1777386920.3341494,22300.0,2.254907,,-0.191525,0.0,24.611,51.15532875061035,192.168.100.219,1235
B,446,1777386920.3847024,22350.0,1.191458,,0.059456,0.0,24.584,50.553083419799805,192.168.100.219,1235
B,447,1777386920.433664,22400.0,0.538544,,0.141715,0.0,24.489,48.961639404296875,192.168.100.219,1235
B,448,1777386920.4832754,22450.0,1.152013,,0.326209,0.0,24.448,49.61133003234863,192.168.100.219,1235
B,449,1777386920.5365076,22500.0,2.685099,,0.698149,0.0,24.517,53.23219299316406,192.168.100.219,1235
B,450,1777386920.5830612,22550.0,1.640659,,0.832918,0.0,24.443001,46.553611755371094,192.168.100.219,1235
B,451,1777386920.632028,22600.0,1.257859,,0.898056,0.0,24.351,48.96688461303711,192.168.100.219,1235
B,452,1777386920.6828303,22650.0,2.584538,,1.145213,0.0,24.591,50.80223083496094,192.168.100.219,1235
B,453,1777386920.73237,22700.0,0.937858,,1.110405,0.0,24.347,49.53956604003906,192.168.100.219,1235
B,454,1777386920.787838,22750.0,1.435106,,1.156157,0.0,24.374001,55.468082427978516,192.168.100.219,1235
B,455,1777386920.833278,22800.0,0.657103,,1.070146,0.0,24.400999,45.439958572387695,192.168.100.219,1235
B,456,1777386920.8816338,22850.0,1.142477,,1.090342,0.0,24.33,48.355817794799805,192.168.100.219,1235
B,457,1777386920.93269,22900.0,0.373331,,0.974442,0.0,24.431999,51.0561466217041,192.168.100.219,1235
B,458,1777386920.9883869,22950.0,0.419486,,0.884302,0.0,24.382999,55.696964263916016,192.168.100.219,1235
B,459,1777386921.0319564,23000.0,-0.419389,,0.654629,0.0,24.511999,43.56956481933594,192.168.100.219,1235
B,460,1777386921.0858667,23050.0,-0.6375,,0.423965,0.0,24.618,53.910255432128906,192.168.100.219,1235
B,461,1777386921.1321583,23100.0,-1.155056,,0.137832,0.0,24.577,46.29158973693848,192.168.100.219,1235
B,462,1777386921.183821,23150.0,-0.168091,,0.07714,0.0,24.427999,51.66268348693848,192.168.100.219,1235
B,463,1777386921.232076,23200.0,-0.188171,,0.031233,0.0,24.367001,48.254966735839844,192.168.100.219,1235
B,464,1777386921.2822602,23250.0,-1.979465,,-0.326583,0.0,24.556,50.18424987792969,192.168.100.219,1235
B,465,1777386921.337806,23300.0,-2.16405,,-0.590875,0.0,24.629,55.545806884765625,192.168.100.219,1235
B,466,1777386921.38492,23350.0,-1.698484,,-0.737584,0.0,24.478001,47.113895416259766,192.168.100.219,1235
B,467,1777386921.4324644,23400.0,-2.201819,,-0.934987,0.0,24.582001,47.54447937011719,192.168.100.219,1235
B,468,1777386921.4827266,23450.0,-3.314523,,-1.246751,0.0,24.556999,50.2622127532959,192.168.100.219,1235
B,469,1777386921.5453115,23500.0,-2.649029,,-1.445609,0.0,24.566,62.584877014160156,192.168.100.219,1235
B,470,1777386921.581877,23550.0,-1.356345,,-1.427214,0.0,24.389999,36.565542221069336,192.168.100.219,1235
B,471,1777386921.6328723,23600.0,-1.074549,,-1.376325,0.0,24.386999,50.9953498840332,192.168.100.219,1235
B,472,1777386921.6830251,23650.0,-0.003536,,-1.158,0.0,24.459999,50.15277862548828,192.168.100.219,1235
B,473,1777386921.7352827,23700.0,-1.897439,,-1.278429,0.0,24.409,52.257537841796875,192.168.100.219,1235
B,474,1777386921.7824702,23750.0,-0.776541,,-1.197231,0.0,24.427,47.18756675720215,192.168.100.219,1235
B,475,1777386921.8339026,23800.0,-0.692557,,-1.114828,0.0,24.417,51.43237113952637,192.168.100.219,1235
B,476,1777386921.8817713,23850.0,-1.49584,,-1.181714,0.0,24.459,47.86872863769531,192.168.100.219,1235
B,477,1777386921.9323251,23900.0,-0.829599,,-1.112232,0.0,24.427999,50.55379867553711,192.168.100.219,1235
B,478,1777386921.98497,23950.0,-0.492864,,-1.006912,0.0,24.516001,52.644968032836914,192.168.100.219,1235
B,479,1777386922.0349424,24000.0,-0.156847,,-0.86249,0.0,24.518,49.9722957611084,192.168.100.219,1235
B,480,1777386922.0820346,24050.0,0.414423,,-0.653064,0.0,24.518999,47.09219932556152,192.168.100.219,1235
B,481,1777386922.1318316,24100.0,1.025892,,-0.382147,0.0,24.622999,49.79705810546875,192.168.100.219,1235
B,482,1777386922.1851158,24150.0,1.590083,,-0.069818,0.0,24.625,53.2841682434082,192.168.100.219,1235
B,483,1777386922.2333777,24200.0,1.177249,,0.121511,0.0,24.591,48.26188087463379,192.168.100.219,1235
B,484,1777386922.282311,24250.0,0.099828,,0.120114,0.0,24.354,48.93326759338379,192.168.100.219,1235
B,485,1777386922.333923,24300.0,0.874891,,0.24783,0.0,24.479,51.612138748168945,192.168.100.219,1235
B,486,1777386922.3824964,24350.0,3.053226,,0.698644,0.0,24.531,48.57325553894043,192.168.100.219,1235
B,487,1777386922.4886773,24400.0,1.405898,,0.809522,0.0,24.462,106.18090629577637,192.168.100.219,1235
B,488,1777386922.4889114,24450.0,1.53177,,0.915241,0.0,24.492001,0.23412704467773438,192.168.100.219,1235
B,489,1777386922.5357497,24500.0,-0.608076,,0.706465,0.0,24.591,46.83828353881836,192.168.100.219,1235
B,490,1777386922.5866125,24550.0,1.996889,,0.891296,0.0,24.525999,50.862789154052734,192.168.100.219,1235
B,491,1777386922.6321135,24600.0,1.362884,,0.958709,0.0,24.391001,45.500993728637695,192.168.100.219,1235
B,492,1777386922.6826696,24650.0,0.802628,,0.935633,0.0,24.32,50.556182861328125,192.168.100.219,1235
B,493,1777386922.7321973,24700.0,2.552336,,1.177168,0.0,24.576,49.527645111083984,192.168.100.219,1235
B,494,1777386922.7854035,24750.0,2.579539,,1.406591,0.0,24.473,53.20620536804199,192.168.100.219,1235
B,495,1777386922.84296,24800.0,1.95646,,1.5006,0.0,24.438999,57.5563907623291,192.168.100.219,1235
B,496,1777386922.8859112,24850.0,0.082254,,1.270741,0.0,24.577,42.951345443725586,192.168.100.219,1235
B,497,1777386922.931538,24900.0,1.641575,,1.331234,0.0,24.34,45.62687873840332,192.168.100.219,1235
B,498,1777386922.9824393,24950.0,1.134274,,1.294338,0.0,24.372,50.901174545288086,192.168.100.219,1235
B,499,1777386923.0316982,25000.0,0.427438,,1.153843,0.0,24.474001,49.25894737243652,192.168.100.219,1235
B,500,1777386923.0828602,25050.0,0.497679,,1.055658,0.0,24.407,51.162004470825195,192.168.100.219,1235
B,501,1777386923.1318889,25100.0,-0.049008,,0.871898,0.0,24.559,49.028635025024414,192.168.100.219,1235
B,502,1777386923.185593,25150.0,-0.037804,,0.721739,0.0,24.561001,53.704023361206055,192.168.100.219,1235
B,503,1777386923.2357852,25200.0,-1.299049,,0.383277,0.0,24.584,50.19235610961914,192.168.100.219,1235
B,504,1777386923.2829206,25250.0,-1.940184,,0.040166,0.0,24.591999,47.135353088378906,192.168.100.219,1235
B,505,1777386923.3324792,25300.0,-0.867452,,-0.086306,0.0,24.518,49.55863952636719,192.168.100.219,1235
B,506,1777386923.3919928,25350.0,-1.287927,,-0.231515,0.0,24.535999,59.51356887817383,192.168.100.219,1235
B,507,1777386923.4326994,25400.0,-1.26311,,-0.353349,0.0,24.601999,40.706634521484375,192.168.100.219,1235
B,508,1777386923.4904175,25450.0,-1.958551,,-0.566046,0.0,24.65,57.71803855895996,192.168.100.219,1235
B,509,1777386923.5342803,25500.0,-1.799552,,-0.737783,0.0,24.580999,43.86281967163086,192.168.100.219,1235
B,510,1777386923.582858,25550.0,-2.749427,,-1.03166,0.0,24.622,48.57778549194336,192.168.100.219,1235
B,511,1777386923.6374145,25600.0,-0.051967,,-0.883926,0.0,24.415001,54.55636978149414,192.168.100.219,1235
B,512,1777386923.683538,25650.0,-1.046219,,-0.909825,0.0,24.315001,46.123504638671875,192.168.100.219,1235
B,513,1777386923.7344823,25700.0,-1.846352,,-1.063121,0.0,24.479,50.94432830810547,192.168.100.219,1235
B,514,1777386923.7853703,25750.0,-2.173214,,-1.247745,0.0,24.507999,50.8880615234375,192.168.100.219,1235
B,515,1777386923.8466802,25800.0,-0.060429,,-1.038075,0.0,24.613001,61.309814453125,192.168.100.219,1235
B,516,1777386923.8894224,25850.0,-1.127956,,-1.059964,0.0,24.447001,42.742252349853516,192.168.100.219,1235
B,517,1777386923.9336371,25900.0,-0.564169,,-0.976333,0.0,24.421,44.214725494384766,192.168.100.219,1235
B,518,1777386923.9828842,25950.0,-0.85683,,-0.964725,0.0,24.4,49.247026443481445,192.168.100.219,1235
B,519,1777386924.0318942,26000.0,-0.685949,,-0.91624,0.0,24.374001,49.01003837585449,192.168.100.219,1235
B,520,1777386924.0828602,26050.0,-0.608432,,-0.867431,0.0,24.407,50.96602439880371,192.168.100.219,1235
B,521,1777386924.1434288,26100.0,2.014586,,-0.358988,0.0,24.57,60.56857109069824,192.168.100.219,1235
B,522,1777386924.18432,26150.0,0.669719,,-0.162384,0.0,24.462999,40.891170501708984,192.168.100.219,1235
B,523,1777386924.2324874,26200.0,1.290305,,0.151544,0.0,24.541,48.16746711730957,192.168.100.219,1235
B,524,1777386924.282595,26250.0,0.169808,,0.157971,0.0,24.464001,50.107479095458984,192.168.100.219,1235
B,525,1777386924.338726,26300.0,1.395042,,0.408292,0.0,24.59,56.13112449645996,192.168.100.219,1235
B,526,1777386924.3819444,26350.0,2.414195,,0.739433,0.0,24.562,43.218374252319336,192.168.100.219,1235
B,527,1777386924.4343727,26400.0,1.348589,,0.84486,0.0,24.393,52.428245544433594,192.168.100.219,1235
B,528,1777386924.4857674,26450.0,1.987003,,1.028893,0.0,24.525999,51.39470100402832,192.168.100.219,1235
B,529,1777386924.5361278,26500.0,1.728596,,1.142442,0.0,24.423,50.36044120788574,192.168.100.219,1235
B,530,1777386924.5948465,26550.0,1.262194,,1.167793,0.0,24.405001,58.71868133544922,192.168.100.219,1235
B,531,1777386924.6318452,26600.0,1.658239,,1.256743,0.0,24.355,36.998748779296875,192.168.100.219,1235
B,532,1777386924.6822994,26650.0,2.680775,,1.486791,0.0,24.586,50.454139709472656,192.168.100.219,1235
B,533,1777386924.732167,26700.0,2.309899,,1.624135,0.0,24.485001,49.86763000488281,192.168.100.219,1235
B,534,1777386924.788397,26750.0,0.379498,,1.438128,0.0,24.500999,56.23006820678711,192.168.100.219,1235
B,535,1777386924.8339896,26800.0,2.260546,,1.575586,0.0,24.476,45.592546463012695,192.168.100.219,1235
B,536,1777386924.8820643,26850.0,1.737235,,1.604795,0.0,24.417,48.07472229003906,192.168.100.219,1235
B,537,1777386924.932221,26900.0,2.038044,,1.672837,0.0,24.399,50.156593322753906,192.168.100.219,1235
B,538,1777386925.0187232,26950.0,1.89506,,1.714413,0.0,24.362,86.5023136138916,192.168.100.219,1235
B,539,1777386925.0371246,27000.0,0.814951,,1.546511,0.0,24.492001,18.401384353637695,192.168.100.219,1235
B,540,1777386925.0820568,27050.0,-0.1982,,1.228658,0.0,24.624001,44.93212699890137,192.168.100.219,1235
B,541,1777386925.1393912,27100.0,-0.110966,,0.963156,0.0,24.586,57.33442306518555,192.168.100.219,1235
B,542,1777386925.1816103,27150.0,-0.35229,,0.695188,0.0,24.489,42.21916198730469,192.168.100.219,1235
B,543,1777386925.2400172,27200.0,-3.133825,,0.062403,0.0,24.524,58.406829833984375,192.168.100.219,1235
B,544,1777386925.2851176,27250.0,-0.910709,,-0.084576,0.0,24.583,45.10045051574707,192.168.100.219,1235
B,545,1777386925.3330843,27300.0,-1.346886,,-0.256207,0.0,24.521999,47.966718673706055,192.168.100.219,1235
B,546,1777386925.3831358,27350.0,-0.397746,,-0.272968,0.0,24.363001,50.05145072937012,192.168.100.219,1235
B,547,1777386925.4333622,27400.0,-1.954614,,-0.521212,0.0,24.549,50.226449966430664,192.168.100.219,1235
B,548,1777386925.4821963,27450.0,-2.069799,,-0.781226,0.0,24.603001,48.83408546447754,192.168.100.219,1235
B,549,1777386925.53183,27500.0,-1.066878,,-0.831433,0.0,24.385,49.63374137878418,192.168.100.219,1235
B,550,1777386925.5823183,27550.0,-2.680284,,-1.157312,0.0,24.569,50.48823356628418,192.168.100.219,1235
B,551,1777386925.6338713,27600.0,-1.181468,,-1.156871,0.0,24.372999,51.55301094055176,192.168.100.219,1235
B,552,1777386925.684479,27650.0,-0.913892,,-1.10692,0.0,24.346001,50.60768127441406,192.168.100.219,1235
B,553,1777386925.7339325,27700.0,-1.964114,,-1.260068,0.0,24.458,49.4534969329834,192.168.100.219,1235
B,554,1777386925.7869394,27750.0,-0.697915,,-1.161061,0.0,24.436001,53.006887435913086,192.168.100.219,1235
B,555,1777386925.880015,27800.0,-1.041564,,-1.130272,0.0,24.349001,93.07551383972168,192.168.100.219,1235
B,556,1777386925.8844912,27850.0,0.543504,,-0.808921,0.0,24.586,4.476308822631836,192.168.100.219,1235
B,557,1777386926.0149198,27900.0,0.092632,,-0.637793,0.0,24.503,130.42855262756348,192.168.100.219,1235
B,558,1777386926.0151336,27950.0,-0.642232,,-0.648021,0.0,24.434,0.21386146545410156,192.168.100.219,1235
B,559,1777386926.0327857,28000.0,0.327581,,-0.476214,0.0,24.583,17.652034759521484,192.168.100.219,1235
B,560,1777386926.110669,28050.0,-0.372307,,-0.461439,0.0,24.426001,77.88324356079102,192.168.100.219,1235
B,561,1777386926.1340759,28100.0,0.526565,,-0.269598,0.0,24.540001,23.406982421875,192.168.100.219,1235
B,562,1777386926.2121906,28150.0,-0.21437,,-0.258105,0.0,24.35,78.11474800109863,192.168.100.219,1235
B,563,1777386926.232796,28200.0,1.060591,,-0.031044,0.0,24.612,20.60532569885254,192.168.100.219,1235
B,564,1777386926.3154433,28250.0,1.628892,,0.271078,0.0,24.582001,82.64732360839844,192.168.100.219,1235
B,565,1777386926.3380618,28300.0,1.239972,,0.449109,0.0,24.41,22.618532180786133,192.168.100.219,1235
B,566,1777386926.4459138,28350.0,0.926337,,0.530681,0.0,24.421,107.85198211669922,192.168.100.219,1235
B,567,1777386926.458095,28400.0,2.390199,,0.894498,0.0,24.482,12.181282043457031,192.168.100.219,1235
B,568,1777386926.4949434,28450.0,3.429503,,1.375127,0.0,24.503,36.84830665588379,192.168.100.219,1235
B,569,1777386926.5585783,28500.0,0.780354,,1.27735,0.0,24.476999,63.63487243652344,192.168.100.219,1235
B,570,1777386926.5824866,28550.0,2.504174,,1.498436,0.0,24.552,23.908376693725586,192.168.100.219,1235
B,571,1777386926.6648738,28600.0,0.756434,,1.376215,0.0,24.504999,82.38720893859863,192.168.100.219,1235
B,572,1777386926.6825244,28650.0,2.085958,,1.487651,0.0,24.438,17.650604248046875,192.168.100.219,1235
B,573,1777386926.7635138,28700.0,1.349299,,1.465851,0.0,24.431999,80.98936080932617,192.168.100.219,1235
B,574,1777386926.7834923,28750.0,2.112429,,1.573807,0.0,24.427,19.97852325439453,192.168.100.219,1235
B,575,1777386926.8657277,28800.0,2.043433,,1.648957,0.0,24.385,82.23533630371094,192.168.100.219,1235
B,576,1777386926.8826914,28850.0,0.105489,,1.378006,0.0,24.559999,16.963720321655273,192.168.100.219,1235
B,577,1777386926.966118,28900.0,0.659928,,1.257671,0.0,24.361,83.42671394348145,192.168.100.219,1235
B,578,1777386926.984189,28950.0,-0.442921,,0.94803,0.0,24.587,18.07093620300293,192.168.100.219,1235
B,579,1777386927.0934532,29000.0,0.962854,,0.944911,0.0,24.367001,109.26413536071777,192.168.100.219,1235
B,580,1777386927.0936632,29050.0,-0.129002,,0.751094,0.0,24.538,0.21004676818847656,192.168.100.219,1235
B,581,1777386927.1715083,29100.0,-1.299475,,0.381291,0.0,24.57,77.84509658813477,192.168.100.219,1235
B,582,1777386927.1829088,29150.0,0.051543,,0.324223,0.0,24.407,11.400461196899414,192.168.100.219,1235
B,583,1777386927.2460864,29200.0,-1.174256,,0.078991,0.0,24.582001,63.17758560180664,192.168.100.219,1235
B,584,1777386927.2936885,29250.0,-0.766039,,-0.065045,0.0,24.447001,47.602176666259766,192.168.100.219,1235
B,585,1777386927.3394086,29300.0,0.256535,,-0.012937,0.0,24.299,45.72010040283203,192.168.100.219,1235
B,586,1777386927.3827505,29350.0,-1.667449,,-0.279053,0.0,24.556999,43.341875076293945,192.168.100.219,1235
B,587,1777386927.4370732,29400.0,-1.642011,,-0.488596,0.0,24.539,54.32271957397461,192.168.100.219,1235
B,588,1777386927.4875693,29450.0,-1.322767,,-0.620075,0.0,24.438999,50.49610137939453,192.168.100.219,1235
B,589,1777386927.5383065,29500.0,-2.216628,,-0.873772,0.0,24.493,50.73714256286621,192.168.100.219,1235
B,590,1777386927.5844352,29550.0,-2.938719,,-1.219011,0.0,24.551001,46.12874984741211,192.168.100.219,1235
B,591,1777386927.6374674,29600.0,-2.221713,,-1.370106,0.0,24.451,53.03215980529785,192.168.100.219,1235
B,592,1777386927.6855366,29650.0,-1.595895,,-1.413369,0.0,24.388,48.06923866271973,192.168.100.219,1235
B,593,1777386927.73233,29700.0,-1.15363,,-1.374536,0.0,24.313,46.793460845947266,192.168.100.219,1235
B,594,1777386927.7860672,29750.0,-2.539518,,-1.56419,0.0,24.497999,53.73716354370117,192.168.100.219,1235
B,595,1777386927.8345592,29800.0,-0.106951,,-1.335705,0.0,24.546,48.4919548034668,192.168.100.219,1235
B,596,1777386927.8880103,29850.0,-0.951545,,-1.26688,0.0,24.459999,53.4510612487793,192.168.100.219,1235
B,597,1777386927.9332101,29900.0,-0.436538,,-1.127303,0.0,24.473,45.19987106323242,192.168.100.219,1235
B,598,1777386927.9825206,29950.0,-0.558638,,-1.043341,0.0,24.527,49.31044578552246,192.168.100.219,1235
B,599,1777386928.0406969,30000.0,-0.221654,,-0.909367,0.0,24.466,58.176279067993164,192.168.100.219,1235
